{"_step":59,"train/rewards/chosen":-0.014279174618422985,"eval/rewards/rejected":-0.11962890625,"train/logps/rejected":-20.565235137939453,"train/logits/chosen":0.6999000310897827,"train/rewards/accuracies":0.543749988079071,"train_loss":0.660980224609375,"train/loss":0.6619,"total_flos":0,"train/logits/rejected":0.7524681091308594,"eval/logits/chosen":0.24267578125,"eval/logits/rejected":0.229644775390625,"train/learning_rate":1.0305368692688175e-06,"train/global_step":12,"eval/samples_per_second":1.111,"train_samples_per_second":0.46,"eval/loss":0.68701171875,"eval/rewards/margins":0.030605316162109375,"eval/rewards/chosen":-0.08905029296875,"train/epoch":0.9504950495049505,"train_steps_per_second":0.014,"_wandb":{"runtime":3899},"train/logps/chosen":-20.009765625,"_runtime":3881.540594,"eval/logps/rejected":-23.28515625,"eval/steps_per_second":0.222,"train/grad_norm":1.8171956539154053,"train/rewards/rejected":-0.08609256893396378,"train/rewards/margins":0.07180538028478622,"eval/rewards/accuracies":0.3125,"eval/logps/chosen":-21.546875,"eval/runtime":8.9973,"_timestamp":1.7486417387989912e+09,"train_runtime":873.1557}