{
    "llm_judge": {
        "interactivity": {
            "score": 0.6666666666666666
        },
        "accuracy": {
            "score": 0.6
        },
        "information_gain": {
            "score": -3.3333333333333335
        }
    },
    "token_amount": {
        "num_tokens_read(k)": 0.24633333333333332,
        "num_tokens_typed(k)": 0.058166666666666665,
        "num_turns": 6.0
    },
    "n_eval": 6
}