{"eval/rewards/margins":-0.0004150867462158203,"eval/logps/chosen":-21.224609375,"_timestamp":1.748399907789857e+09,"eval/logits/rejected":1.1376953125,"_wandb":{"runtime":826},"_runtime":730.507246,"eval/logps/rejected":-19.751953125,"train/global_step":3,"eval/loss":0.693359375,"train/epoch":0.04332129963898917,"eval/steps_per_second":0.047,"eval/rewards/rejected":-0.00019538402557373047,"_step":2,"eval/samples_per_second":0.352,"eval/rewards/accuracies":0.0833333358168602,"eval/runtime":85.1833,"eval/rewards/chosen":-0.0006102919578552246,"eval/logits/chosen":1.268798828125}