{
  "best_global_step": 8,
  "best_metric": 0.6865234375,
  "best_model_checkpoint": null,
  "epoch": 0.9504950495049505,
  "eval_steps": 1,
  "global_step": 12,
  "is_hyper_param_search": false,
  "is_local_process_zero": true,
  "is_world_process_zero": true,
  "log_history": [
    {
      "epoch": 0.07920792079207921,
      "eval_logits/chosen": 0.305267333984375,
      "eval_logits/rejected": 0.29175567626953125,
      "eval_logps/chosen": -21.2890625,
      "eval_logps/rejected": -22.921875,
      "eval_loss": 0.689453125,
      "eval_rewards/accuracies": 0.3125,
      "eval_rewards/chosen": -0.06298828125,
      "eval_rewards/margins": 0.019807815551757812,
      "eval_rewards/rejected": -0.0828094482421875,
      "eval_runtime": 9.1092,
      "eval_samples_per_second": 1.098,
      "eval_steps_per_second": 0.22,
      "step": 1
    },
    {
      "epoch": 0.15841584158415842,
      "eval_logits/chosen": 0.2994384765625,
      "eval_logits/rejected": 0.28617095947265625,
      "eval_logps/chosen": -21.3125,
      "eval_logps/rejected": -22.953125,
      "eval_loss": 0.68896484375,
      "eval_rewards/accuracies": 0.375,
      "eval_rewards/chosen": -0.065826416015625,
      "eval_rewards/margins": 0.0204010009765625,
      "eval_rewards/rejected": -0.08624267578125,
      "eval_runtime": 9.0197,
      "eval_samples_per_second": 1.109,
      "eval_steps_per_second": 0.222,
      "step": 2
    },
    {
      "epoch": 0.2376237623762376,
      "eval_logits/chosen": 0.28759765625,
      "eval_logits/rejected": 0.2748260498046875,
      "eval_logps/chosen": -21.34375,
      "eval_logps/rejected": -22.9921875,
      "eval_loss": 0.68896484375,
      "eval_rewards/accuracies": 0.3125,
      "eval_rewards/chosen": -0.06884765625,
      "eval_rewards/margins": 0.0213623046875,
      "eval_rewards/rejected": -0.0902252197265625,
      "eval_runtime": 9.0151,
      "eval_samples_per_second": 1.109,
      "eval_steps_per_second": 0.222,
      "step": 3
    },
    {
      "epoch": 0.31683168316831684,
      "eval_logits/chosen": 0.27734375,
      "eval_logits/rejected": 0.2637939453125,
      "eval_logps/chosen": -21.3984375,
      "eval_logps/rejected": -23.05859375,
      "eval_loss": 0.6884765625,
      "eval_rewards/accuracies": 0.3125,
      "eval_rewards/chosen": -0.073638916015625,
      "eval_rewards/margins": 0.023241043090820312,
      "eval_rewards/rejected": -0.096893310546875,
      "eval_runtime": 9.0169,
      "eval_samples_per_second": 1.109,
      "eval_steps_per_second": 0.222,
      "step": 4
    },
    {
      "epoch": 0.39603960396039606,
      "grad_norm": 1.6860634088516235,
      "learning_rate": 4.522542485937369e-06,
      "logits/chosen": 0.802888035774231,
      "logits/rejected": 0.8035103678703308,
      "logps/chosen": -20.811384201049805,
      "logps/rejected": -21.83182144165039,
      "loss": 0.656,
      "rewards/accuracies": 0.5803571343421936,
      "rewards/chosen": -0.0209958553314209,
      "rewards/margins": 0.06920099258422852,
      "rewards/rejected": -0.09019483625888824,
      "step": 5
    },
    {
      "epoch": 0.39603960396039606,
      "eval_logits/chosen": 0.26776123046875,
      "eval_logits/rejected": 0.254852294921875,
      "eval_logps/chosen": -21.41796875,
      "eval_logps/rejected": -23.1328125,
      "eval_loss": 0.6875,
      "eval_rewards/accuracies": 0.3125,
      "eval_rewards/chosen": -0.076171875,
      "eval_rewards/margins": 0.02809906005859375,
      "eval_rewards/rejected": -0.1042938232421875,
      "eval_runtime": 9.0107,
      "eval_samples_per_second": 1.11,
      "eval_steps_per_second": 0.222,
      "step": 5
    },
    {
      "epoch": 0.4752475247524752,
      "eval_logits/chosen": 0.25946044921875,
      "eval_logits/rejected": 0.245574951171875,
      "eval_logps/chosen": -21.4765625,
      "eval_logps/rejected": -23.18359375,
      "eval_loss": 0.6875,
      "eval_rewards/accuracies": 0.375,
      "eval_rewards/chosen": -0.0819244384765625,
      "eval_rewards/margins": 0.027517318725585938,
      "eval_rewards/rejected": -0.109466552734375,
      "eval_runtime": 9.003,
      "eval_samples_per_second": 1.111,
      "eval_steps_per_second": 0.222,
      "step": 6
    },
    {
      "epoch": 0.5544554455445545,
      "eval_logits/chosen": 0.2530517578125,
      "eval_logits/rejected": 0.239837646484375,
      "eval_logps/chosen": -21.5,
      "eval_logps/rejected": -23.203125,
      "eval_loss": 0.6875,
      "eval_rewards/accuracies": 0.3125,
      "eval_rewards/chosen": -0.084869384765625,
      "eval_rewards/margins": 0.02677154541015625,
      "eval_rewards/rejected": -0.1116180419921875,
      "eval_runtime": 9.0469,
      "eval_samples_per_second": 1.105,
      "eval_steps_per_second": 0.221,
      "step": 7
    },
    {
      "epoch": 0.6336633663366337,
      "eval_logits/chosen": 0.24993896484375,
      "eval_logits/rejected": 0.236358642578125,
      "eval_logps/chosen": -21.5234375,
      "eval_logps/rejected": -23.2578125,
      "eval_loss": 0.6865234375,
      "eval_rewards/accuracies": 0.375,
      "eval_rewards/chosen": -0.0869140625,
      "eval_rewards/margins": 0.03017425537109375,
      "eval_rewards/rejected": -0.1170501708984375,
      "eval_runtime": 9.2291,
      "eval_samples_per_second": 1.084,
      "eval_steps_per_second": 0.217,
      "step": 8
    },
    {
      "epoch": 0.7128712871287128,
      "eval_logits/chosen": 0.2471923828125,
      "eval_logits/rejected": 0.23291015625,
      "eval_logps/chosen": -21.52734375,
      "eval_logps/rejected": -23.2578125,
      "eval_loss": 0.6875,
      "eval_rewards/accuracies": 0.3125,
      "eval_rewards/chosen": -0.08740234375,
      "eval_rewards/margins": 0.029087066650390625,
      "eval_rewards/rejected": -0.1165008544921875,
      "eval_runtime": 9.0147,
      "eval_samples_per_second": 1.109,
      "eval_steps_per_second": 0.222,
      "step": 9
    },
    {
      "epoch": 0.7920792079207921,
      "grad_norm": 1.8171956539154053,
      "learning_rate": 1.0305368692688175e-06,
      "logits/chosen": 0.6999000310897827,
      "logits/rejected": 0.7524681091308594,
      "logps/chosen": -20.009765625,
      "logps/rejected": -20.565235137939453,
      "loss": 0.6619,
      "rewards/accuracies": 0.543749988079071,
      "rewards/chosen": -0.014279174618422985,
      "rewards/margins": 0.07180538028478622,
      "rewards/rejected": -0.08609256893396378,
      "step": 10
    },
    {
      "epoch": 0.7920792079207921,
      "eval_logits/chosen": 0.244140625,
      "eval_logits/rejected": 0.230804443359375,
      "eval_logps/chosen": -21.546875,
      "eval_logps/rejected": -23.2734375,
      "eval_loss": 0.68701171875,
      "eval_rewards/accuracies": 0.375,
      "eval_rewards/chosen": -0.0890350341796875,
      "eval_rewards/margins": 0.02980804443359375,
      "eval_rewards/rejected": -0.1188812255859375,
      "eval_runtime": 9.1767,
      "eval_samples_per_second": 1.09,
      "eval_steps_per_second": 0.218,
      "step": 10
    },
    {
      "epoch": 0.8712871287128713,
      "eval_logits/chosen": 0.2427978515625,
      "eval_logits/rejected": 0.22918701171875,
      "eval_logps/chosen": -21.5546875,
      "eval_logps/rejected": -23.28125,
      "eval_loss": 0.6865234375,
      "eval_rewards/accuracies": 0.4375,
      "eval_rewards/chosen": -0.08966064453125,
      "eval_rewards/margins": 0.0290069580078125,
      "eval_rewards/rejected": -0.1186676025390625,
      "eval_runtime": 9.0121,
      "eval_samples_per_second": 1.11,
      "eval_steps_per_second": 0.222,
      "step": 11
    },
    {
      "epoch": 0.9504950495049505,
      "eval_logits/chosen": 0.24267578125,
      "eval_logits/rejected": 0.229644775390625,
      "eval_logps/chosen": -21.546875,
      "eval_logps/rejected": -23.28515625,
      "eval_loss": 0.68701171875,
      "eval_rewards/accuracies": 0.3125,
      "eval_rewards/chosen": -0.08905029296875,
      "eval_rewards/margins": 0.030605316162109375,