{"train/loss":0.6835,"eval/steps_per_second":0.082,"_wandb":{"runtime":8968},"_step":82,"train_steps_per_second":0.008,"train/logits/chosen":0.9699262380599976,"_timestamp":1.748254615012237e+09,"eval/rewards/accuracies":0.1875,"train/logits/rejected":0.8374907374382019,"train/rewards/chosen":0.005824883468449116,"train_loss":0.6850426404372506,"eval/loss":0.6974977850914001,"train/grad_norm":2.093756914138794,"train/rewards/margins":0.02608836628496647,"train/rewards/rejected":-0.02026348002254963,"eval/samples_per_second":0.616,"train/learning_rate":7.980720283448957e-08,"eval/rewards/chosen":-0.013542110100388527,"eval/rewards/margins":-0.003947614226490259,"eval/logits/chosen":1.1985830068588257,"train/rewards/accuracies":0.33125001192092896,"eval/rewards/rejected":-0.009594493545591831,"train_samples_per_second":0.247,"total_flos":0,"_runtime":8951.247491,"train_runtime":8951.9269,"train/epoch":0.9963898916967509,"eval/logits/rejected":1.0610454082489014,"eval/logps/chosen":-21.366104125976562,"train/logps/rejected":-25.383758544921875,"train/global_step":69,"eval/logps/rejected":-19.843429565429688,"eval/runtime":48.6807,"train/logps/chosen":-26.04559898376465}