{"train/rewards/margins":0.16637954115867615,"eval/logits/rejected":0.2239990234375,"eval/runtime":9.051,"train/rewards/chosen":-0.10287437587976456,"eval/logits/chosen":-0.663818359375,"train/epoch":0.9960474308300395,"eval/steps_per_second":0.221,"train_samples_per_second":0.399,"_step":607,"train_runtime":5068.9395,"train/logits/rejected":0.15458373725414276,"eval/logps/chosen":-21.109375,"eval/rewards/chosen":-0.008392333984375,"train_steps_per_second":0.012,"train/rewards/accuracies":0.42500001192092896,"eval/rewards/margins":0.034576416015625,"_timestamp":1.7485409500910358e+09,"eval/rewards/accuracies":0.5625,"train/rewards/rejected":-0.26927536725997925,"total_flos":0,"eval/logps/rejected":-30.05859375,"_wandb":{"runtime":38444},"train/grad_norm":2.598785400390625,"train/learning_rate":6.268021954544095e-08,"train/global_step":63,"_runtime":38426.834214,"eval/samples_per_second":1.105,"train/logps/rejected":-30.02783203125,"train/loss":0.6485,"eval/loss":0.67431640625,"train/logits/chosen":0.19318938255310059,"eval/rewards/rejected":-0.04296875,"train_loss":0.5986701117621528,"train/logps/chosen":-28.647216796875}